45503790	homeorganization	unclear	28600000	12	3200000	6059	5300000	217800	https://www.tiktok.com/@keyyv7/video/7637235374703512850	#paratiiiiiiiiiiiiiiiiiiiiiiii #fyp #sigueme #videoviral
30424400	homeorganization	unclear	53900000	25	9700000	42000	2700000	619100	https://www.tiktok.com/@tierneygoodnight/video/7628108599549496589	I wasn’t sure if this would work on her…the best part was her brother at the end . . https://www.facebook.com/share/r/15mqZzQXm3j/?mibextid=wwXIfr . . https://www.instagram.com/reel/DXFnowdiZvF/?igsh=MTQ1dXQwcm9rZnVq . . https://youtube.com/shorts/QvsRn9ocBMk?
6282000	homegadgets	unclear	36200000	8	6700000	21200	107600	283800	https://www.tiktok.com/@toreesecret/video/7627326443021700382	ik there’s others out there like me
3706810	homehacks	cute	11000000	14	2100000	2241	248100	107400	https://www.tiktok.com/@goose_goldenboy/video/7637292701276294420	his first bark 🥹📣🗣️ #goldenretrieversoftiktok #goldenretriever #puppylove #puppy #bark
1631400	homegadgets	food_or_eating	5000000	17	892000	2220	68800	128200	https://www.tiktok.com/@twotimevae/video/7624687529962327326	I TRIED TO LET YOU SLIDE TWIN #bsf #summrs #yeattok #band4band #niketech
1421950	amazonhomefinds	unclear	8000000	31	1100000	3515	57700	53800	https://www.tiktok.com/@lightskinbbgt/video/7630553659721452813	Us reuniting after he was out of the room for 10mins😭💗
1042270	kitchenhacks	food_or_eating	4900000	39	531200	907	46500	74400	https://www.tiktok.com/@iankyo/video/7638347352486464782	This is what to do with your used frying oil #kitchentips #kitchenhacks #cookingtips #cookinghacks #foodpreptiktokcontest
956320	cleaningtiktok	unclear	6000000	8	730700	977	47300	20700	https://www.tiktok.com/@brin.0/video/7631326114106985741	He’s here this time! #foryou #pregnant #teenmom #18 #relatable
671810	amazonhomefinds	unclear	2500000	8	402400	2261	31800	35900	https://www.tiktok.com/@tattedupfacedre/video/7624403829584383263	#fyp #xyzbca
547454	homehacks	unclear	6700000	12	568400	347	4273	22900	https://www.tiktok.com/@xxghostfacex_x/video/7631670618848546061	atleast shes thinking abt manon #katseye_yoonchae #katseyemanon #fyp #katseye_gnarly #eyekons
439100	kitchenhacks	unclear	1500000	65	185400	1560	27000	21200	https://www.tiktok.com/@kogiversity/video/7627227264454905101	Wearing hoodies gives you straight As I guess ???? #collegeadvice #fypシ #college #collegelife
355748	kitchenhacks	unclear	2200000	21	386700	1087	6691	13500	https://www.tiktok.com/@danch.merk/video/7637584095454760213	Pinky up 🕺 #fyp #dance #viral #trending
300786	kitchenhacks	food_or_eating	2000000	61	190200	755	5417	28700	https://www.tiktok.com/@jose.elcook/video/7630899745979911455	New* way to eat tomatoes! My life will never be the same anymore!! #tomato #kitchenhack #cookinghacks
254384	homehacks	cute	3200000	60	89100	453	4413	26500	https://www.tiktok.com/@juju.cares/video/7636455925976419615	A Dollar Tree diy idea that is so cute for any home decoration 😍 #diy #dollartreehacks #dollartreediy #dollartreefinds #dollartree
236034	homehacks	unclear	9100000	8	29200	443	2707	3337	https://www.tiktok.com/@khuvuontuoimoi/video/7635991342098844949
228968	cleaningtiktok	care_or_cleaning	1000000	176	199000	3200	5835	7697	https://www.tiktok.com/@mads4urfav/video/7639246445484313869	clean with me :) sorry for not posting much, i’ve been so tired and so stressed, please no judgement #fyp #viral #cleaning #relatable #cleaningtiktok
207334	kitchenhacks	unclear	2200000	65	218200	417	2390	7736	https://www.tiktok.com/@shef_phoenix/video/7632003926576958742	The peanut butter experiment
200240	amazonhomefinds	food_or_eating,care_or_cleaning	1400000	14	41500	109	11100	15400	https://www.tiktok.com/@homewithsaja/video/7626850650810256653	The best hack for protecting your dining table (or any table) while keeping the look sleek, neat, and without ruining your table’s aesthetic. It’s durable, really easy to clean, and I think a must when you have kids! 🔗 Click on my LTK shop in my bio for the l
179140	homegadgets	unclear	475000	5	88900	229	14300	2125	https://www.tiktok.com/@courtneymoanaa/video/7634732369244736789	Teaching her it’s ok to love both 🤍 #educational #msrachel #teamdamon #mewborn
179096	amazonhomefinds	unclear	1200000	94	72600	206	6242	16700	https://www.tiktok.com/@thesamfindz/video/7635334080942361874	Num 02 is game changer 🙌 😮 #amazon #amazonfinds #amazonmusthaves #founditonamazon #kitchen #home #gadgets #products
178730	amazonhomefinds	unclear	1700000	27	57800	179	9867	8776	https://www.tiktok.com/@funnyniha4g/video/7628384721298361631	#BalliBotMogis #TrendingReels #TrendingReels #Foryoupage #FYP #FYP #ViralTikTok #MillionViews #TechMagic #SmartBot #AITrend #RobotVibes #Innovation
163234	amazonhomefinds	food_or_eating	1400000	8	26300	216	11000	7981	https://www.tiktok.com/@simplywithjulia/video/7637344757731036446	Great addition to the beverages. Easy to dispense beverages and no spills! #amazonkitchenfavorites #amazonfinds #amazonhome #amazonhomefinds #drinkdispenser @Amazon Home @Amazon @Amazon Influencer Program
148410	amazonhomefinds	unclear	1700000	24	48000	149	5765	10700	https://www.tiktok.com/@kelseykooima/video/7635343045570858254	It’s all from Amazon! Head to my bio for the links 😍 https://liketk.it/6b35l #amazonhome #amazonhomefinds
145636	kitchenhacks	unclear	662100	81	14700	132	10700	9531	https://www.tiktok.com/@kitchiqueofficial/video/7635058337351994637	How a professional diner chef upgrades basic bread and eggs. 👨‍🍳🔥 #bread #eggs #Recipe #kitchen #kitchenhack
110054	amazonhomefinds	unclear	300200	0	38900	52	1310	18400	https://www.tiktok.com/@alyssasheill/video/7633853726683319583	#amazonhomefinds #amazonhome #amazonhomedecor #amazonhomefavorites #chichome
109696	homeorganization	unclear	556000	26	72400	700	4773	4298	https://www.tiktok.com/@hiphopcustomjewle/video/7636990944541150485	What is your WhatsApp number? Send you clear pictures and videos 😁#diamondchain #goldchains #cubanbracelet #diamondpendant
105544	amazonhomefinds	unclear	331400	0	32200	84	1397	17700	https://www.tiktok.com/@lindleykay/video/7627547486026009886	🔗🔗 under “home decor favs” #amazonmusthaves #amazonfavorites #amazonfinds #amazonhome #amazonhomefinds
99894	amazonhomefinds	unclear	454600	59	26900	112	2679	13700	https://www.tiktok.com/@apieceofmyhaven/video/7625364656525167885	Amazon zero regret aesthetic kitchen finds✨ everything is linked in my bio
78184	cleaningtiktok	care_or_cleaning	568300	79	81500	244	1132	3643	https://www.tiktok.com/@miafaithe/video/7640942463758208287	SUNDAY DEEP CLEAN!! 🧼🫧 #sundayreset #cleantok #cleanwithme #dailyvlog #fyp
76806	homegadgets	unclear	2900000	8	17200	325	429	881	https://www.tiktok.com/@nenasantos200/video/7637490132769180935
74720	amazonhomefinds	unclear	213500	50	50600	91	718	9624	https://www.tiktok.com/@princessmimi_1/video/7626114614010449173	Ep 2. Decorating my dream room, in this video we hit up homesense, Amazon, Walmart and SHEIN 💕 • • • • #roomtransformation #roommakeover #girlyaesthetic #pinkaesthetic #amazonhomefinds interiorinspo homedecor roominspo softgirlaesthetic targetfinds burlington
71578	amazonhomefinds	unclear	478800	13	36100	182	4773	987	https://www.tiktok.com/@dustyxdavis/video/7637100197155245330
58166	cleaningtiktok	care_or_cleaning	1000000	62	42500	750	834	686	https://www.tiktok.com/@dinora8al/video/7640649056146050318	Deep cleaning the hallway 🫧🫧💕 #deepclean #satisfying #hogarlilpio #foryoupage #tiktok
44602	homegadgets	unclear	302600	98	11600	71	1625	4760	https://www.tiktok.com/@primeproduct.0/video/7628929060306980118	14 Amazon useful Gadgets that makes your Life Easy||part61 #amazon #AmazonFinds #HomeHacks #products #amzongadget
42290	cleaningtiktok	care_or_cleaning	319600	62	30200	151	621	3580	https://www.tiktok.com/@cleaningwithida/video/7640550183687834902	how to deep clean your bathroom step by step 💞🧽🫧 all steps are listed below 🫶🏼 1. gather all your products and tools to a basket 2. remove towels, bath mats, shampoo bottles and other items 3. dust from top to bottom: light fixtures, vents, surfaces, shel
40588	cleaningtiktok	care_or_cleaning	240900	122	36400	197	827	2246	https://www.tiktok.com/@cleaningwithida/video/7640909623985212694	AD @SINI | asmr sunday cleaning reset 🎧🧺🌸🫧 clean & tidy my house with me 🫶🏼 I’m in looove with these SINI cleaning sprays 😍🫧 they are super practical, effective and so easy to use - just fill the reusable bottle with warm water, drop in a cleaning tabl
38452	amazonhomefinds	unclear	208000	175	31400	174	441	3331	https://www.tiktok.com/@val_aquinoo/video/7630974795240181006	Much needed #haul #apartmentdecor #homeessentials #amazonhomefinds
37984	amazonhomefinds	unclear	292700	140	15500	106	1371	3088	https://www.tiktok.com/@thesamfindz/video/7640128167218285832	Num 03 is next level 👌 💯 #amazon #amazonfinds #amazonmusthaves #founditonamazon #kitchen #home #gadgets #products
37956	homehacks	food_or_eating	290200	127	25900	45	1551	1586	https://www.tiktok.com/@user27614225092584/video/7638196826876726559	#tiktoktvfilmcontest Storm Goretti is likely to bring heavy snow leading to disruption and difficult travelling conditions, according to the Met Office.#StormGoretti#Storm#Snow#ukweather
37881	amazonhomefinds	unclear	180100	9	9677	54	1780	3665	https://www.tiktok.com/@sagephillipshome/video/7628245171292933383	I added this scalloped bread box from Amazon and suddenly my counter feels like a whole moment 😍 #amazonhome #amazonfinds #kitchenstyling #amazonhomefinds #organicmodernhome
29674	cleaningtiktok	surprise_or_reaction	161600	384	10100	118	864	3325	https://www.tiktok.com/@motivation00534/video/7627265418083716382	Why People Hate When You're Quiet - Alan Watts #philosophy #alanwatts #wisdom #spirituality #usa
22956	cleaningtiktok	care_or_cleaning	150300	92	22000	553	134	587	https://www.tiktok.com/@laurynmcb/video/7639466713276271903	at least the cups are cleaned up 👏🏼🙃 #overwhelmedmom #speedclean #messyhouse #momof4 #cleanwithme speed clean motivation messy house transformation mom cleaning hacks house cleaning tips real mom life cleaning​​​​​​​​​​​​​​​​ cleaning motivation when you’re
22235	amazonhomefinds	unclear	142700	54	4638	23	903	2402	https://www.tiktok.com/@amandabhome/video/7628391268237806879	Shop at the link 🔗 in my bio! Zero regret Amazon outdoor finds! 🏡☀️ #amazonhomefinds #patiodecor #springdecor
21440	cleaningtiktok	care_or_cleaning	127000	163	17400	668	182	516	https://www.tiktok.com/@rvlivingwitht/video/7640722899418041613	Free clean for a family in need 🖤 Day 1️⃣ @Tlc @kay w. LOVE YA’LL SM!! #cleaning #cleaningtiktok #cleantok #cleanwithme #fyp
19738	cleaningtiktok	care_or_cleaning	217600	123	22900	130	50	559	https://www.tiktok.com/@balletblondie/video/7638865966796983566	Realistic version as a girly who cleans her home once a week but yet struggles w her fame mental health so things go south fast✨ Basket products: @Olaplex @K18 Hair @Hawaiian Tropic @Bath & Body Works @LaRochePosayUS Cleaning products: @Scrub Daddy @Lysol US @
19651	homegadgets	unclear	102000	44	3877	40	557	2704	https://www.tiktok.com/@amandabhome/video/7629043921045228830	Shop at the link 🔗 in my bio! Genius Amazon home finds! 🙌💡🏡 #amazonfinds #homehacks #amazongadgets
14810	cleaningtiktok	care_or_cleaning	104400	128	14700	196	326	201	https://www.tiktok.com/@herquietthoughts2/video/7640265147616955679	Day 42: It was nice doing some small projects the last few days before we start on the garage! #cleaningtiktok #cleaningcar #cleanmotivation #satisfyingcleaning #cleanwithme
10844	amazonhomefinds	stubborn_or_sassy	78500	50	2919	13	276	1369	https://www.tiktok.com/@keepitsimplesparkles/video/7640572363033136398	This week’s top 7 Amazon finds you loved most — high‑converting, problem‑solving, and actually worth it. Travel essentials, home organizers, and a couple low‑stock favorites you keep selling out. #amazonfinds #tiktokmademebuyit #travelmusthaves #homeorganizati
8865	cleaningtiktok	care_or_cleaning	165000	285	5446	73	118	292	https://www.tiktok.com/@brandonthecleaner/video/7640964328702643486	Ngl I think this might be my best video yet 😶‍🌫️ POV SUDSY trampoline wet mop using @PineSweep 😎🧼🤤 #cleantok #satisfyingcleaning #mopping #sudsy #cleaningasmr
8650	cleaningtiktok	care_or_cleaning	73200	133	7960	97	36	487	https://www.tiktok.com/@myclassroomdiaries/video/7639849696852299022	clean with me 🤍✨🧼 #asmr #asmrsounds #cleantok #teachersoftiktok #teachertok
7505	amazonhomefinds	unclear	40300	0	3149	8	66	1129	https://www.tiktok.com/@lindleykay/video/7630515870040739103	🔗🔗 under “home decor favs” #amazonfinds #amazonhome #amazonhomefinds #amazonmusthaves #amazonfavorites
7377	amazonhomefinds	unclear	36300	0	2525	10	90	1142	https://www.tiktok.com/@lindleykay/video/7637566815064886558	🔗🔗 under “home decor favs” #amazonfinds #amazonmusthaves #amazonhome #amazonhomefinds #amazonfavorites
6896	kitchenhacks	unclear	21800	64	2723	57	367	398	https://www.tiktok.com/@eatwithchlo/video/7636789827026963743	Go save some bread today 🥖 #cooking #baking #cookinghacks #bakinghacks #kitchenhacks
6791	kitchenhacks	food_or_eating	136600	27	953	47	264	250	https://www.tiktok.com/@zoebargrmcf/video/7630782120578813204	This peeler is of exceptionally high quality; it peels quickly and thinly. At this price, it's absolutely irresistible!#fyp #tiktokshop #foryou #stend #fun #kitchenessentialsea #MomHacks #VegetablePeeler #HomeCooking #superbrand #peeler #tiktokshop #tiktok #ki
5915	homehacks	care_or_cleaning	77600	27	698	11	243	490	https://www.tiktok.com/@chen_sal/video/7640991808603819295	Say goodbye to wall cracks, holes & damage with this quick-drying drywall repair kit 🏠✨ ✔️ Repairs cracks, dents & nail holes fast 🔨 ✔️ Smooth finish that blends perfectly 🎨 ✔️ Waterproof & durable formula 💧 ✔️ Easy to apply with included tools 🙌 ✔️ Perfe
5229	amazonhomefinds	unclear	31100	74	2786	179	87	182	https://www.tiktok.com/@missnellyintl/video/7629915447978151181	Adding little things to make my house to make it a home piece be piece. 🏡🥰 Check my Amazonstore front via 🔗 in byeo. @Amazon Home #amazonhomefinds #amazonfavorites #mothersdaygiftideas
4896	amazonhomefinds	unclear	42300	11	5703	35	27	158	https://www.tiktok.com/@the.everyday.cele/video/7633146900060949791	POV: grocery store flowers & Amazon finds > designer decor 🤍 A few simple finds + fresh flowers can make any corner feel expensive. everything linked in bio ✨ #amazonhomefinds #grocerystoreflowers #homestylingideas #luxuryhomedecor #coastaldecor
4801	cleaningtiktok	care_or_cleaning	70800	49	5485	31	4	75	https://www.tiktok.com/@thebaileylavender/video/7640912417748176141	Clean my house with me #baileylavender #cleantok #cleaningtiktok #workingmomlife
4748	amazonhomefinds	unclear	29600	69	1367	4	169	520	https://www.tiktok.com/@cool.findsss/video/7629508538229968150	10 Amazon Home Finds, number # 8 is my favorite 😍 #amazonfavorites #amazonhomefinds #amazongadgets #amazongadgets #amazonhomefavorites
4192	homehacks	food_or_eating,care_or_cleaning	4891	68	576	59	281	242	https://www.tiktok.com/@holistic.habits.health/video/7640922497529040158	You’ve been using aluminum foil wrong this whole time 👀⚠️ Most people only use aluminum foil for leftovers… but it’s secretly one of the most underrated kitchen hacks in your house. ✂️ Fold foil and cut through it to help sharpen dull scissors 📶 Place curved
3733	amazonhomefinds	food_or_eating	31000	27	886	3	106	448	https://www.tiktok.com/@gaketing/video/7639431149399395598	No regrets with these Amazon finds… every single one was worth it 💕. #amazonfinds #amazonhome #creatorsearchinsights #homefinds #homehacks
3276	cleaningtiktok	care_or_cleaning	12200	175	2287	86	87	83	https://www.tiktok.com/@mads4urfav/video/7641024536833576205	another cleaning video! :) is there any another vids you guys would like to see from me? #fyp #viral #blowthisup #cleaning
2796	cleaningtiktok	care_or_cleaning	16900	158	1895	41	43	189	https://www.tiktok.com/@anxietyapprovedclean/video/7640854762539306271	dont ask how long its been sitting outside im embarrassed 😩 but shes all clean now🥰 love me some dirty suds #cleantok #cleantokasmr #cleaningtiktok #brushscrubbing #oddlysatisfyingvideo
2549	amazonhomefinds	unclear	15500	0	1049	7	20	371	https://www.tiktok.com/@lindleykay/video/7637937993449213215	🔗🔗 under “home decor favs” #amazonfavorites #amazonmusthaves #amazonhomefinds #amazonhome #amazonfinds
2357	cleaningtiktok	care_or_cleaning	11100	90	1902	84	14	58	https://www.tiktok.com/@marquel222/video/7640967675581041950	Cleaning & yapping the usual #momtok #cleaning #cleaningtiktok #cleaningmotivation #morningreset
2233	amazonhomefinds	stubborn_or_sassy	18600	147	570	2	78	233	https://www.tiktok.com/@primeproduct.0/video/7640597471277862147	20 Amazon Useful Product You Actually Need it 2026 #amazonusa #amazonfinds #tiktokmademebuylt #amazon #amazonhome
1450	cleaningtiktok	care_or_cleaning	12800	59	1840	11	5	31	https://www.tiktok.com/@jordankerrr/video/7640931913271659790	do we like cleaning vlogs??? 🧼😌 - #cleaningtiktok #sundayreset #cleaningvlog #houseresetwithme #sundayroutine @Princess Polly
1191	amazonhomefinds	unclear	9696	64	254	3	30	150	https://www.tiktok.com/@amandabhome/video/7639864087194651935	Shop at the link 🔗 in my bio! Amazon home finds I wish I’d bought sooner! 🏡🙌 #amazonfinds #amazonhome
779	amazonhomefinds	unclear	4604	36	194	3	18	104	https://www.tiktok.com/@white.at.home/video/7639432671906630925	Zero Regrets On These Finds 👏🏻👏🏻 Some of my all time Zero Regret Amazon finds 👏🏻👏🏻 which is your favorite?! @Amazon @Amazon Home https://amzlink.to/az02zKDOijIHn #home #myhappyplace #homedecor #amazonhome #amazonfavorites
416	amazonhomefinds	care_or_cleaning	2562	53	85	13	6	36	https://www.tiktok.com/@usadealsvault/video/7638731382197423391	Follow + comment “WANT” for links! Steal my Amazon designer looks for less 🤍 These are the finds that make people think I spent way more than I actually did. From cozy textures to high-end looking details, every single one gives that custom/designer feel… wit
367	amazonhomefinds	unclear	3230	17	121	1	7	44	https://www.tiktok.com/@thesmittencollective/video/7640892216331832606	Amazon home decor with the luxury look for less ✨ #amazonhome #homedecor #interiordesign #decor #amazonfinds
299	homehacks	unclear	7413	61	77	2	3	17	https://www.tiktok.com/@family_hack2/video/7640985959886081293	Genius dollar tree hack 😍✨🌳 #dollartree #dollartreefinds #dollartreediy #homehack#hack
250	homehacks	unclear	2907	15	68	1	6	25	https://www.tiktok.com/@danielle.donohue/video/7640966254106283277	All items are LINKED in my profile Obsessed with these new tumblers🙌🏼 Follow @danielle.donohue so you don’t miss the links! #homehacks #amazonhome #asmr #amazonfavorites #amazongadgets 20oz Hobnail Glass Cups with Lids and Glass Straws 4 Pieces, Thick-Walled
173	cleaningtiktok	care_or_cleaning	2300	262	66	3	1	14	https://www.tiktok.com/@clutterbug_me/video/7638651177688632596	Spring Cleaning got you down? This video will cover all your bases. This is all the stuff I try to do as rarely as possible, but, well, I have to be a grown up sometime. Hopefully this saves you the trouble of figuring out the problem spots before it's too lat
130	homegadgets	unclear	1504	137	48	0	1	17	https://www.tiktok.com/@myidealproducts/video/7640291236913433877	My favorite smart home upgrade from Amazon—simple, convenient, and it makes everyday life so much easier. ✨ On my amazon store: As Seen In Videos. #homegadgets #homehacks #amazonfavorites #coolvibes #shoppinghaul
63	homegadgets	stubborn_or_sassy	503	17	18	0	3	5	https://www.tiktok.com/@tikgadget.store/video/7636118739565497614	1-1#gadgets #homehacks #tiktokmademebuyit #amazonfinds #kitchengadgets
53	homehacks	care_or_cleaning	126	60	5	4	0	2	https://www.tiktok.com/@hacksbyviktoriia/video/7641061571392851230	My cleaning lady showed me how to clean a toilet properly… and I’ve been doing it WRONG all this time 😳🧽 This hack makes everything so much easier and actually keeps it way cleaner for longer ✨ Save this if you love clean home hacks ✔️ #cleaninghacks #cleani
39	homehacks	unclear	436	61	9	1	1	2	https://www.tiktok.com/@geniusoneminutehacks/video/7641044410045664525	In case your mom didn’t teach you!#lifehack #momhacks #fyp#homehacks #momsoftiktok
0	homehacks	care_or_cleaning	12	31	0	0	0	0	https://www.tiktok.com/@cmthzwvzqv/video/7641056813277891871	Honestly, I recommend this to everybody — rich or broke 😭🔥#CleanTok #cleaninghacks #homehacks #deepcleaning #satisfyingclean #cleanwithme #cleaningmotivation #homecleaning #viralproducts #musthave