761400	cartok	food_or_eating	2300000	18	284200	1170	51000	38400	https://www.tiktok.com/@encryptedgold_real/video/7632785967950073110	Geometry Dash is my joy in life 😁 || @Evan Hynd @CraftTheCreator Manga @F🗣 @✨Bella💫 @eryn @Geet @illovejuicewrld999 @Jack 🫡 @James4Wands @josephscotting2 @ᴍᴀʏᴀ † @riley ひ @Robert 💏 @wigglyplays @tee_es_on_tiktok @𐋅𐌀𐌵𐌍𐌕 || #fypシ゚viral #xyzbca #funnyme
761280	cargadgets	unclear	9200000	31	577500	5573	11800	34600	https://www.tiktok.com/@ameliaruizvega/video/7637269111847865621	Solo espero q todos hayamos podido salir con bien 😢
679060	autoparts	unclear	2200000	15	352500	801	36600	39500	https://www.tiktok.com/@stanftiger/video/7633758407824002326	#snapple #tomodachilife #store #meme
677210	caraccessories	unclear	9100000	77	516300	3546	14500	21400	https://www.tiktok.com/@lalistadeportes/video/7637588443412860167	¡Fuera de lugar... y del corazón! 🚫💔 El VAR no perdonó esta vez: una mujer captó a su novio siendo infiel en pleno partido y el reclamo se volvió el verdadero espectáculo.
638580	cargadgets	unclear	12400000	23	283100	1783	15800	26200	https://www.tiktok.com/@the.abbouds/video/7636847479924804872	#doglovers #familylove
454714	cardetailing	unclear	2000000	6	96500	468	41500	7446	https://www.tiktok.com/@josmar_0ficial/video/7632929212340620564	Espero con ansias esa edad jajaja 🥴😂 #fyp #hijo #viral
396482	cardetailing	food_or_eating	6800000	70	340800	1293	3194	12900	https://www.tiktok.com/@dietculturerebel/video/7632824903527451917	#dietculture #dietculturerebel #dietitian #intuitiveeating #foodfreedom
350396	carhacks	unclear	4600000	122	262600	340	3562	23800	https://www.tiktok.com/@thao.dan88/video/7628938523072122142	To love but not be loved.#degrassinextgeneration #edit #comment #fypppppppppppppppppppppp
316678	cartok	unclear	1000000	10	97300	1048	26000	7387	https://www.tiktok.com/@le_batkid/video/7629480944369503501	That’s how it goes 😎 #lotus #exige #cartok #exotic
226014	cartok	unclear	1100000	16	160000	821	10000	8951	https://www.tiktok.com/@murderedd.a4/video/7638708622775700766	Same parking lot lol #audi #cartok #headlightdelete #dmv #quattro
208816	cartok	unclear	680200	40	97600	736	13300	8163	https://www.tiktok.com/@spiffyuddish/video/7640386608226716942	Ranking the WORST sounding cars… and yes, this list is going to upset people 😭 Some of these exhaust notes sound personally offended to exist. Watch until the end, save it, and duet with your own ranking. #WorstSoundingCars #CarTok #ExhaustSounds #CarRanking
185804	cartok	unclear	506800	14	108100	797	7756	12900	https://www.tiktok.com/@werksssssx.exe/video/7640587312295939350	best sounding V12? #ferrari #812 #supercars #monaco #cartok #parati
151444	caraccessories	unclear	4500000	12	49300	257	1859	4838	https://www.tiktok.com/@teh.yuli.cianjur/video/7637106730274458888	pelan pelan
138342	cardetailing	stubborn_or_sassy,food_or_eating	2200000	60	126600	283	858	5337	https://www.tiktok.com/@glowwash1/video/7636076673733086486	I refuse one out of every four clients for these reasons. #greatbritain #unitedkindom #carwash #cardetailing #car
129362	cardetailing	unclear	1600000	49	127400	249	2097	3599	https://www.tiktok.com/@fahriodetailing/video/7638716504892050702	How my day went as a student & mobile detailer 🙌 More videos like this? #cardetailing #autodetailing #losangeles
119398	cargadgets	food_or_eating	323700	9	53700	1949	2473	11700	https://www.tiktok.com/@licksizuku/video/7635546287420624141	IZUKU DOUBLES DNI - i’m basically eating his face 🥹✌️ #yumeshipping #yumeship #fyp #licksizuku #yumeshipper
92258	carhacks	unclear	183600	25	7735	141	9669	1489	https://www.tiktok.com/@billyrubino22.4/video/7630240781827132685	Now you know #lifehack #lifehacks #cartok
84458	cardetailing	unclear	786300	133	42700	461	2239	6215	https://www.tiktok.com/@vrzmobiledetailing/video/7629031134336208141	just wait for those results..🚀 pov: mobile car detailing in Denver, CO..🚜#cardetailing #pov #asmr #transformation #fyp
65400	cartok	unclear	189200	11	45800	80	2975	3529	https://www.tiktok.com/@b58yden/video/7638875521744440590	best looking Audi 🙂‍↕️ . #r8 #cartok #fyp #catsoftiktok #audi
62816	cardetailing	cute	257900	213	24400	843	3303	2651	https://www.tiktok.com/@spin/video/7627223116317461791	Bush's new performance of "Glycerine" on NPR's Tiny Desk is nothing short of mesmerizing. (📹 via @npr) #bush #postgrunge #90s #gavinrossdale #live
50456	cartok	unclear	114900	10	29600	107	2925	2222	https://www.tiktok.com/@f80_rbk/video/7639606670066289951	#bmw #f80 #cartok #xyzbca #fypシ
38535	cargadgets	food_or_eating	1500000	21	2226	39	563	632	https://www.tiktok.com/@alejandrobrett023/video/7637482490394971406	This air chuck quick attachment makes life a lot easier when airing up tires @ #carseat #carseatheadrest #cargadgets #musthavegadgets #TikTokShopJumpstartSale
23642	autoparts	unclear	86700	23	2083	653	1297	990	https://www.tiktok.com/@bilusiautoparts_can/video/7640083595650010389	Having to wait endlessly for spare parts—only to receive components of inconsistent quality—severely damages our reputation. #autoparts#carparts #factory #autosupplies#car
21266	autoparts	unclear	208700	7	5003	197	991	1173	https://www.tiktok.com/@vangoxu/video/7625874373697703181	The boss asked us to do business together #AutoParts #CarParts #OEM #Aftermarket #AutoSupply
19848	cardetailing	unclear	154000	62	9420	79	564	1689	https://www.tiktok.com/@rico_rixo/video/7632524712068877581	How to Start Detailing Cars 🚗 💰 🤑💸 🫧🧼 If you want to start your own car wash buisness then this video will set you on the right path I Started Detailing and it was super fun! I Talked wiht the experts so i know a few things 😼 #detailing #detailersoftikt
13183	cartok	unclear	43100	19	8373	17	634	723	https://www.tiktok.com/@f80ivan/video/7640025341448310046	#bmw #cartok #f80 #m3 #fyp
12838	cardetailing	food_or_eating,care_or_cleaning	108000	118	7224	91	152	1235	https://www.tiktok.com/@finaltouchdetailingg/video/7639569143498378509	Even the state troopers know who to call when the car needs to be spotless 👀 This patrol car got cleaned up the right way with that Final Touch shine 🔥 📩 Shoot us a DM! 📞 CALL / TEXT: (305) 970-6605 📧 EMAIL: finaltouchdetailing@gmail.com ✅ Interior / Exte
11613	cardetailing	care_or_cleaning	182200	69	6642	54	332	363	https://www.tiktok.com/@deep.carpro/video/7639774141121318174	#detailing #carcleaning #carwashing #detailer #carwash
11149	cartok	unclear	31100	14	6745	7	620	531	https://www.tiktok.com/@f80ivan/video/7640755406632996127	#bmw #cartok #f80 #m3 #fyp
10726	cargadgets	care_or_cleaning	131500	61	4456	20	398	621	https://www.tiktok.com/@printlair/video/7639789856217910559	CAR GUYS NEED A 3D PRINTER - 3D PRINTED CAR WASH GADGETS #carwash #carcleaning #carslover #foamcannon #microfibertowel
10599	autoparts	unclear	123800	21	1953	37	314	1066	https://www.tiktok.com/@popular.auto.parts/video/7635990824282590471	#popularautoparts #popular #autoparts #automobile #spareparts
9610	carhacks	unclear	25300	279	1659	5	554	948	https://www.tiktok.com/@mike.car88/video/7635507819831102750	The ultimate of “forbidden” car hacks. Agree or disagree: later the government killing car culture.#cartok#carhacks#tipsandtricks#carsecrets#foryou
7150	autoparts	unclear	173500	68	4451	21	30	251	https://www.tiktok.com/@clip.us.dashcam/video/7625634784168971533	#Godfirst #starkvarg #worldsfastestbike #bikelife #rideout
7089	cardetailing	unclear	26900	151	2409	67	169	831	https://www.tiktok.com/@t.bdetailing/video/7638779681675742494	Step by Step Interior and Exterior Detail 🛻 #detailing #cardetailing #interiordetailing #exteriordetailing #stepbystep
7074	cardetailing	food_or_eating,care_or_cleaning	87100	130	3804	49	187	361	https://www.tiktok.com/@raredetailing_/video/7632812941074599181	This stunning GMC Denali Ultimate came to us ready for a inside and out transformation—and we delivered ✨ We started with a complete interior reset, meticulously scrubbing all surfaces, deep shampooing the carpets, and detailing every nook and crevice. To fini
6669	autoparts	unclear	27300	16	1670	66	222	713	https://www.tiktok.com/@bobs_auto_salvage/video/7627961483787291917	Things that just make sense at Bob’s Auto Salvage! 👀 Our salvage yard has got all the parts you need! Call us Monday thru Saturday for your parts! 🔥🚗 #bobsautosalvage #salvageyard #carparts #carlife #autoparts
6445	carhacks	unclear	210900	64	722	97	44	136	https://www.tiktok.com/@crackedoutreels/video/7639822855353519374	Most people don’t know this about car mirrors #waitforit #noway #safety #lifehacks
6313	autoparts	unclear	29900	24	1066	137	305	343	https://www.tiktok.com/@bilusiautoparts_can/video/7629298325308673300	A complete chassis component, eliminating two middlemen and cutting platform commissions. We only do one thing: factory direct supply, wholesale price even for a single piece. #autoparts#carparts #factory #autosupplies#car
5072	cardetailing	food_or_eating,surprise_or_reaction	16000	348	1412	53	91	697	https://www.tiktok.com/@timelesscardetailing_/video/7638914900638715150	POV: learning how to wash your car properly (bc ik you’re taking it to the car wash 🫩) why am i breathing so hard LOL 🤣 Give your car the attention it deserves!! BOOK NOW! #fyp #pov #detailing #autodetailing #roseville
4750	carhacks	food_or_eating	32400	104	1080	19	240	363	https://www.tiktok.com/@carautozone/video/7639945718865710366	17 _Illegal_ Tricks That Instantly Make Your Car Run Better(#carecare #cartips#carcareproducts #carmaintenance #enginemaintance #car#carengine #carfeatures#carsensors#carprice #carhacks #protips #prohabit #trending #viral #fyp #trend #foryoupage)
2656	autoparts	unclear	10200	37	408	40	190	82	https://www.tiktok.com/@huangpukwau/video/7638543296599543061	High-quality auto parts🚗🚗#autoparts #carparts #wholesale
2139	cardetailing	care_or_cleaning	11200	156	446	152	4	35	https://www.tiktok.com/@detailingwithash/video/7640532114928143639	Detailing a family sports car. #cardetailing #fyp #carcleaning #detailing #carwash
1573	cartok	unclear	4209	18	822	5	95	67	https://www.tiktok.com/@g82.arva/video/7640743019129425160	🥷🏿 #bmw #m4 #carsoftiktok #g82 #cartok
1031	cardetailing	care_or_cleaning	9047	216	785	13	17	48	https://www.tiktok.com/@nsn.autodetailing/video/7640880930466385174	And thats how you make €1k in 18 Hours 💵 #cardetailing #carcleaning #detailing #fyp #carwash @xpertdetailingsupplies
874	carhacks	care_or_cleaning	7180	58	353	3	19	93	https://www.tiktok.com/@keepitsimplesparkles/video/7640229002409463053	Amazon Mom Car Must-Haves and summer roadtrip must-haves. Minivan console organizer, cupholder trash can, MagSafe phone mounts that don’t fall, expanding cup holder for big tumblers, headrest charging hub for every device, screen cleaner spray, safety hammer,
586	cartok	unclear	5562	36	242	5	10	56	https://www.tiktok.com/@ekajx.archive/video/7640857084480818463	cheap+fast cars | #cartok #cars #top5 #cheapcars #fastcars
395	cartok	unclear	899	10	138	14	19	4	https://www.tiktok.com/@de4blackbeast/video/7641006557274115359	H8tin us cause they ain’t us @Aidan☝🏼 #acuraintegra #2023acuraintegra #acura #cartok @Common Traffic Mafia LLC @chained2.0t @Kalia @kellaa🖤
383	autoparts	unclear	3863	18	136	7	14	14	https://www.tiktok.com/@sanny.z3/video/7639049108447055117	Export of the used car parts from the source factory in China #engine #autoparts #China #usedcar #export
324	cartok	unclear	1065	17	230	10	6	10	https://www.tiktok.com/@5oh.byro/video/7640984156909964575	#fyp #mustang #cartok #viral #s550
297	autoparts	surprise_or_reaction	3631	131	149	7	4	12	https://www.tiktok.com/@trqautoparts/video/7640992617055964430	Ever wonder why some steering knuckle assemblies come preassembled? In this video, we break down what’s included in a complete steering knuckle assembly and why combining components like the wheel hub, backing plate and ball joint can simplify the repair proce
280	cardetailing	unclear	2268	44	62	8	12	7	https://www.tiktok.com/@pristinedetailingclub/video/7639479661201739039	How we detail a dirty car (exterior edition) ⭐️ Your car deserves this type of care. BOOK YOUR NEXT DETAIL link in bio! #mobiledetailing #losangeles #cardetailing
252	cardetailing	unclear	5936	277	151	3	0	7	https://www.tiktok.com/@mathers__teamwork/video/7640940247123070238	A little bit more, jumps from 350 to 800. 😂#cardetailing #detatailing #detailersoftiktok #cars #car #foryou #viralvideo #viral #povs #asmr
232	cardetailing	unclear	1763	73	149	1	3	22	https://www.tiktok.com/@brotdetailing/video/7640990169113365790	is this good advice?? #detailing #cardetailing #sponsored @Jobber
195	cardetailing	unclear	1445	166	148	4	0	13	https://www.tiktok.com/@cncdetails/video/7641059485783477518	DIY detail car setup😮‍💨 #fyp #asmr #cardetailing #setup
190	carhacks	unclear	4215	72	60	2	4	6	https://www.tiktok.com/@chandlelan1/video/7637695754491940126	#lifehacks #lifestyle #foryou #liveoutlandish
89	cardetailing	unclear	1827	161	37	3	0	1	https://www.tiktok.com/@mathers__teamwork/video/7640940257562643742	“little more” price increases 4x 😭💀#cardetailing #detatailing #detailersoftiktok #cars #car #foryou #viralvideo #viral #povs #asmr
82	autoparts	unclear	697	7	37	1	3	4	https://www.tiktok.com/@jiaofeixu/video/7640070198854159646	🔥 CTR Original Chassis Parts | Hyundai & KIA Professional Supplier ✅ OEM‑Grade Quality | 3500+ SKUs for All Hyundai & KIA Models ✅ Factory Direct Supply | No Middleman | Global Door‑to‑Door Delivery Ball Joints, Control Arms, Tie Rod Ends, Shocks, Brakes, Whe
68	cartok	unclear	461	8	45	2	1	2	https://www.tiktok.com/@sbuckingham1/video/7641058498951810334	#fyp #corvette #blackcar #cartok #trend
39	autoparts	stubborn_or_sassy	587	15	6	0	2	2	https://www.tiktok.com/@warriorvalley3/video/7640045503593385229	#jack #tools #tiktokmademebuyit #fyp #Autoparts