23090000	catreaction	surprise_or_reaction	100400000	5600000	25600	2100000	306500	https://www.tiktok.com/@shafiqakbarsandho/video/7607098358041267478	“Parrot Pulls a Lizard Prank — Cat Loses It 😂🦎” CALM MOMENT… CHAOS 😳 Everyone was asleep 😴 Then the parrot moved 🦜😈 Lizard drops 🦎⬇️ Cat launches 💨😱 And the parrot? Laughing like it planned it 🦜😂 . . . . . . . . . . #ParrotPrank #CatReaction #FunnyP
20520400	dogfails	unclear	24200000	4200000	23400	2100000	225600	https://www.tiktok.com/@ms_dianeee/video/7628860697971117333	#frozen #fyp
18524400	catjealous	unclear	68500000	6400000	42600	1600000	182100	https://www.tiktok.com/@jessa_033/video/7630267565566119169	It’s a BOY! 💙🫶🏻
12078400	catreaction	cute	30800000	5500000	14200	805700	531200	https://www.tiktok.com/@sunkittencats/video/7608589996307565854	after a week of scent swapping and all the fun kitten introducing stuff (don’t just introduce them immediately) we wanted to see what the bert’s think ‼️ it was easier to introduce goob back in the day cos they were ALL still kittens, so we’ve got a journey ah
11664200	petreaction	unclear	64700000	6900000	38300	645700	342900	https://www.tiktok.com/@suavexavier/video/7612451533581471007	Probably shouldn’t have done that💀🥲
8716000	dogsteals	unclear	28100000	2600000	61800	677700	203600	https://www.tiktok.com/@callmeagentzero/video/7635460860097400085	How I look chat? 🤪 #agent00 #amp
8216200	dogfails	unclear	57600000	1400000	25700	694200	138400	https://www.tiktok.com/@aprongoliu/video/7616137409562021151	Here is Johnny#dogfails #dogmeme #Here is Johnny#crazydog #petsoftiktok
7956200	catsteals	unclear	38600000	3300000	12100	600200	152900	https://www.tiktok.com/@jalal.abdulcader.1/video/7631071765027884306	
7912680	unexpectedpet	surprise_or_reaction	38100000	3400000	4948	577600	195100	https://www.tiktok.com/@luvmeowing/video/7613185964994759938	Expect the most unexpected 🫡 #cat #dog #fyp
7600000	dogreaction	surprise_or_reaction	53700000	1500000	42600	621800	93900	https://www.tiktok.com/@happytailhub1/video/7629762279671614734	This Pitbull Deserves an Oscar for His Reaction to Getting His Nails Trimmed. PitbullOscar #DogReactions #NailTrimStruggles #FunnyPets #PetDrama
7089820	dogrefuses	food_or_eating	97800000	1900000	9862	441000	139300	https://www.tiktok.com/@herocat2309/video/7625991410411425046	An onion girl with an uncontrollable stomach condition inherited from her mother.#brainrot #foodstory #funnystory #aistory #catstory
6275800	dogbuttons	unclear	36100000	6700000	21100	107500	283200	https://www.tiktok.com/@toreesecret/video/7627326443021700382	ik there’s others out there like me
6166060	dogsideeye	cute	25700000	3800000	9006	370400	174700	https://www.tiktok.com/@ceecuh/video/7618706282454863118	my heart :’) #puppy #dalmatian #dalmatianpuppy #dogmom
4758810	dogtantrum	stubborn_or_sassy	9100000	1900000	4881	370000	154500	https://www.tiktok.com/@shybunnydachshund/video/7610122324699893005	little bunny temper tantrum #dachshund #girldog #minidachshund
4455610	talkingdog	stubborn_or_sassy	20300000	2800000	6601	250600	144700	https://www.tiktok.com/@lifewithbanjo/video/7623412059224558861	Every day conversation with Banjo lol #germanshepherdsoftiktok #shepherdmix #funnydog #talkingdog #gsd
4177200	dogescape	unclear	40600000	3600000	10400	115900	133500	https://www.tiktok.com/@keirassupersecretspamm67/video/7628805129285733653	pro tip - don’t have a period and a dog. this is literally the last of my clothes and I don’t have money to buy new ones
4114800	talkingdog	unclear	7200000	1700000	21600	295300	135600	https://www.tiktok.com/@druski/video/7637280752194915597	British Actors are taking all the Roles 🎬😂😭😭😭😂😂 #druski #skit #uk #british #actors
4027600	dogrefuses	cute,food_or_eating	24000000	2100000	17200	256500	68400	https://www.tiktok.com/@adudewithadogg/video/7608298373816274206	My puppy won’t eat unless I do ALL of this in this EXACT order.. 😂 #puppynoteating #goldenretriever #funnyvideo
4022690	catfails	unclear	16600000	924200	9179	361700	60800	https://www.tiktok.com/@funnyfails_ofc/video/7622740313702026503	the end #fuuny #cat #fails
3908320	catfails	unclear	9300000	596100	1547	403900	44400	https://www.tiktok.com/@furrealmoments_/video/7615427344475458830	When your cat is too fat for this 😂 #FatCat #CatFails#cat #funnycats #viral
3733210	catsideeye	cute	8400000	1300000	4601	303600	110100	https://www.tiktok.com/@catfunny86.0/video/7636329379626274061	When the cat faces the camera.#usa🇺🇸 #cute #catsoftiktok #foryou #funnycats
3319400	stubborndog	unclear	21700000	1200000	10500	253800	37500	https://www.tiktok.com/@patrickstr99/video/7620469430052556054	Like I get the idea, but this one was unusable 😰 #thailand #travel #bangkok #phuket
3113770	dogfails	unclear	13300000	1600000	2131	212000	82615	https://www.tiktok.com/@cute.funny222/video/7630774680349068558	Dog fail. #dog #foryou #funnydog #fyp #funny
2966740	dogfails	unclear	5800000	1300000	1818	226300	93040	https://www.tiktok.com/@funny.pets.9994/video/7614464115364384031	Dog fail. #funnyvideo #funnydog #usa #fyp #dogsoftiktok
2926490	catjealous	unclear	16100000	1600000	4689	186500	66400	https://www.tiktok.com/@catvibe000/video/7631304695583198486	Jealous cat #foryoupagе #cats #catsoftiktok #funny #animals
2908980	dogfails	unclear	14300000	285900	6243	288700	27000	https://www.tiktok.com/@aprongoliu/video/7615617861624532255	Here is Johnny#dogfails #dogmeme #Here is Johnny#crazydog #petsoftiktok
2847040	catsideeye	unclear	38500000	2900000	7264	17000	104600	https://www.tiktok.com/@brookemonk_/video/7617575258983320862	
2845520	dogsideeye	stubborn_or_sassy	6300000	1500000	4192	176500	128900	https://www.tiktok.com/@smultifx/video/7615718486702116128	THE SIDE EYE- - #memeedit #dogsoftiktok #funnyedit #dog #animals - HIGH QUALITY EDIT OF "BARK IF I HAVE A F*T DOG, MEME || @gia🖤
2659340	stubborndog	stubborn_or_sassy	8800000	1300000	4254	195900	55900	https://www.tiktok.com/@vidalavivva/video/7614403101914713366	30 steps won’t k*ll her😅 #summerdog #chihuahua #pet #dog #stubborn
2254550	talkingdog	stubborn_or_sassy	9200000	1400000	2415	143000	50600	https://www.tiktok.com/@flambothedog/video/7626469907303124254	mom… 🥹 i love you too, bub when your dog says “love you” and suddenly nothing else matters 😭 #petsoftiktok #talkingdog #dogsthattalk #australianshepherd #dogsoftiktok
2216330	dogfails	unclear	17800000	353900	9298	182400	32800	https://www.tiktok.com/@aprongoliu/video/7616000079211679006	Here is Johnny#dogfails #dogmeme #Here is Johnny#crazydog #petsoftiktok
2100770	catfails	cute	11100000	602100	3492	163900	57900	https://www.tiktok.com/@catsoftiktok2.1/video/7625266959059406093	funnycats🤣🤣🤣#funnycat #cutecat #catsoftiktok #viral_video
1963570	dogsideeye	unclear	3900000	524900	8312	161900	61200	https://www.tiktok.com/@raisedonrice/video/7616786650126945549	Life’s too short to take anything serious #fyp #comedy #funny #fypシ゚viral #greenscreen
1881250	petreaction	stubborn_or_sassy	6600000	1500000	765	88300	71300	https://www.tiktok.com/@cute.funny222/video/7636356699791641870	When you have a dramatic dog. #dog #foryou #funnydog #fyp #funnyvideo
1876372	talkingdog	stubborn_or_sassy	5200000	947800	10200	123300	52518	https://www.tiktok.com/@enzothebluestaffordshire/video/7610849200867249422	Your gunna wanna sit down for this.. #fyp #fy #talkingdog #enzothebluestaffordshire #staffordshirebullterrier
1848230	catjealous	cute	9500000	705400	2953	136500	46000	https://www.tiktok.com/@astrid.lewis8/video/7621497316402318623	Jealous cat 🐱 #cat #cats #catsoftiktok #funny #funnycat #catlover #funnyvideos #funnyanimals #funnytiktok #pet #lovecat #tiktok #Foryou #animals #fyp #tiktokviral #cutecat
1835600	catjealous	unclear	20300000	1000000	20000	57200	68000	https://www.tiktok.com/@radio_formula/video/7636860632398171413	¡Indignante! 😡 Denuncian a sujeto por presunto exhibicionismo: Una joven detectó la condenable situación mientras caminaba y decidió grabar al hombre con su celular. 🔴 #TikTokInforma #TikTokMeHizoVer #noticias #querétaro #viral
1725740	catsideeye	unclear	4000000	183000	5106	183700	8395	https://www.tiktok.com/@cu.dang.thoi/video/7630814627626093844	Giòn tan và thơm ngon, hãy thưởng thức từng miếng theo nhịp điệu. mucbang cùng 🐮 nhé.
1643680	catcaught	cute,surprise_or_reaction	31000000	417600	8768	71100	39600	https://www.tiktok.com/@ygst915/video/7633641376051236117	This Little Menace Finally Got Caught #catsoftiktok #kittensoftiktok #orangecat #funnycat #kittenchaos #littlemenace #catmemes #petsoftiktok #funnyanimals #fyp #foryou
1624650	guiltycat	unclear	3600000	675200	5065	120800	49500	https://www.tiktok.com/@slatttyyy06/video/7626052991014948109	just tryna watch the rec hoops #ballstate #basketball #epicfail
1594820	stubborndog	food_or_eating	4900000	873200	2142	67300	125100	https://www.tiktok.com/@twotimevae/video/7624687529962327326	I TRIED TO LET YOU SLIDE TWIN #bsf #summrs #yeattok #band4band #niketech
1587650	petreaction	unclear	15100000	983700	11700	45200	78800	https://www.tiktok.com/@cbsnews/video/7626387021207981326	A school bus driver in Florida allegedly ignored warning lights and drove through a rail crossing, causing the bus to get clipped by a passing train on April 2, authorities said. Video from a student inside the school bus shows children screaming as the train 
1524700	guiltydog	surprise_or_reaction	4400000	423300	3025	125000	48700	https://www.tiktok.com/@zeckfelms/video/7613045570801831201	Why do You Always Lose at Arm Wrestling? 🧐 #zeckfelms
1489660	catreaction	unclear	17800000	1600000	1046	19500	41800	https://www.tiktok.com/@hieumanitee/video/7625093885911518477	THEY’RE CATCHING ON😭
1474080	catfails	care_or_cleaning	2000000	331500	753	149400	16400	https://www.tiktok.com/@myroszoo/video/7620995893000523038	Cat Bath Fails: Hilarious Moments!#fyp #laugh #cats #funnycat #viral
1467000	talkingdog	stubborn_or_sassy	6800000	1100000	11100	48600	70300	https://www.tiktok.com/@kendallfromneptune/video/7636176643022785823	dogs were never supposed to know this much 😔 #dogtok #bunnythedog #talkingdog #dogtraining #skinwalker
1428800	dogescape	unclear	3600000	601200	13100	99600	32100	https://www.tiktok.com/@aaronparnas1/video/7620630183355141389	#greenscreenvideo 3-23
1259970	talkingdog	stubborn_or_sassy	10100000	1300000	677	23300	53700	https://www.tiktok.com/@hozaadela/video/7616301164430249247	My dog likes to make friends with strangers ..#funnydogs #talkingdog #makefriends #friendlydog #doglover
1244260	catreaction	cute,surprise_or_reaction	3500000	379800	2196	106100	28400	https://www.tiktok.com/@catfunny86.0/video/7624477833208876301	cat's reaction to orange.🤣#cute #catsoftiktok #foryou #funnycats #usa🇺🇸
1185590	petreaction	unclear	13100000	729700	5834	38400	48300	https://www.tiktok.com/@nishtyak.lena/video/7625634663872220438	I’m trying pasta in different countries’ styles
1182530	dogreaction	surprise_or_reaction	5500000	134200	3023	115400	13000	https://www.tiktok.com/@funnydoggo_92/video/7615275897955929357	The craziest Chihuahua today #chihuahua #crazydog #funnydog #dogreaction #petsoftiktok 🐾
1154660	dogfails	unclear	5500000	156100	2981	109900	14400	https://www.tiktok.com/@aprongoliu/video/7614030120679902494	Here is Johnny#dogfails #dogmeme #Here is Johnny#crazydog #petsoftiktok
1154270	unexpectedpet	unclear	9700000	576500	7842	61700	25000	https://www.tiktok.com/@user5279354445346/video/7634815419202899220	
1124960	dogsteals	unclear	6000000	170000	1876	103700	17900	https://www.tiktok.com/@pet.healthcare/video/7606070874159975711	Does your dog always steals your spot on the sofa?‼️ #pethealth #doghealthtips #veterinarian #dogtips #dogsoftiktok
1115168	dogreaction	food_or_eating,surprise_or_reaction	2100000	113400	4768	116200	9797	https://www.tiktok.com/@chihuahuafunny2/video/7629712372923452685	Chihuahua Sees Lizard Near Food — Panic Mode!#chihuahua #pitbull #lizard #food #table #funnydogs #dogreaction #animalcomedy #petfunny #viralreels #reelsviral #fyp #funnyanimals #dogvideos #aigenerated #viralcontent
1087180	catescape	unclear	15100000	599500	5503	41900	23800	https://www.tiktok.com/@twilightabcde/video/7620389621029014791	The bites challenge @YE MA
1031090	catreaction	food_or_eating,surprise_or_reaction	4600000	203500	1854	94600	15500	https://www.tiktok.com/@furry.friend520/video/7629668088291626254	Food sound = instant cat activation 😂🐱#cats #funnyvideo#catlover#hungrycat#catreaction
1020670	petreaction	unclear	7900000	759900	912	43400	31600	https://www.tiktok.com/@kdizzleirl/video/7617175767423683870	The “oof” at the end is frying me.😭 #climbing #bouldering #rockclimbing
975990	dogfails	unclear	6100000	187400	3629	82700	15600	https://www.tiktok.com/@aprongoliu/video/7616269476215917855	Here is Johnny#dogfails #dogmeme #Here is Johnny#crazydog #petsoftiktok
946750	dogjealous	unclear	7500000	424700	11800	23900	68800	https://www.tiktok.com/@telekinesisleo/video/7635182311494913298	#telekinesis #telekinesisedit #fragokinesis #fyp #telekinetic
941700	dogreaction	unclear	2600000	219400	10200	74400	20700	https://www.tiktok.com/@petslovetv1/video/7629073476581707038	Dog reacts to singing by owner 😂💔. #dogs #dogsofttiktok #funnydogvideos #funnydog #funnyvideos
921800	dogfails	unclear	6300000	297800	1210	66300	26100	https://www.tiktok.com/@happy.place.23/video/7631889636058467598	This Dog Has Terrible Luck😂😁#UnluckyDog #DogFails#dog#fyp #foryou #viral
921710	talkingdog	unclear	2400000	622100	866	44600	49300	https://www.tiktok.com/@funnycat514/video/7631896178216488205	These dogs actually spoke English 😱#dog #usa🇺🇸 #tiktok #dogsoftiktok #funny
896630	dogreaction	cute,stubborn_or_sassy,surprise_or_reaction	2600000	602400	943	37000	59500	https://www.tiktok.com/@funnyanimals2208/video/7623898403361131798	Ever feel like your dog understands everything you say? 😂🐶 This compilation proves it might actually be true! From perfectly timed reactions to dogs responding to full conversations, these smart (and sometimes sassy) pups will have you questioning everything
869530	dogescape	care_or_cleaning	3200000	705200	3373	27900	49000	https://www.tiktok.com/@lykkehennige/video/7618197725489794336	finally finished this after struggling to for a while, the process was emotional for me but something i’m very proud of now that it’s finished. :) “the phone works both ways” 40x50 cm #painting #artist #acrylicpainting
842560	stubborndog	stubborn_or_sassy	3000000	477300	5111	52500	18200	https://www.tiktok.com/@daddymaddy19/video/7635637509963205901	Poor Garrett had to chase him back to the house twice before just picking him up #dog #husky #stubborn #bestfriend #huskylife
833550	dogbuttons	stubborn_or_sassy	11000000	662900	570	24700	19700	https://www.tiktok.com/@alythebichon/video/7611967852484103437	She said 🚿 shower… WANT… YES. I said after mama’s done working. She said GOOD GIRL. Twice. Self-affirmations while waiting for spa time 💅🐶 #Tal#TalkingDogt#ButtonDogg#DogButtonsa#SmartPupodGirlEnergy
828502	funnydogreaction	cute,stubborn_or_sassy,food_or_eating,surprise_or_reaction,care_or_cleaning	3400000	392700	1934	47400	41403	https://www.tiktok.com/@funnycutedogs6/video/7620202226975264022	Do dogs actually understand English… or are they just too smart for us? 🐶😂 This hilarious compilation shows cute dogs reacting PERFECTLY to words like “walk”, “treat”, and “bath” — and their reactions are priceless! From instant zoomies to dramatic side-eyes
825370	dogescape	unclear	12600000	568400	3317	15200	33600	https://www.tiktok.com/@tmz/video/7619801030263442702	Swipe RIGHT or LEFT?! 😏 Sophie Rain and Piper Rockelle are spilling the truth and not holding back! 👀🔥 WATCH FULL AT LINK IN BIO 🎥
824380	dogfails	unclear	2300000	147300	4513	76800	11300	https://www.tiktok.com/@sneakyfails/video/7620382328904289566	Dog walking should get insurance😅🐶#dog #fail #longervideos #animals #dogwalk
786840	funnydogreaction	unclear	11700000	136400	1184	51600	15000	https://www.tiktok.com/@karenhernandezdiaz11/video/7635697447544655121	
786808	catfails	unclear	2300000	400700	791	50900	31337	https://www.tiktok.com/@funny.pets.76/video/7636341130065349918	Clumsy Cat Slipped And Fell😁😂#FallingCat #ClumsyCat #FunnyCat#fyp #foryou #viral
781620	dogfails	unclear	5800000	188900	3837	57300	18600	https://www.tiktok.com/@aprongoliu/video/7614721904733195551	Here is Johnny#dogfails #dogmeme #Here is Johnny#crazydog #petsoftiktok
747170	catreaction	cute,surprise_or_reaction	6800000	261900	702	53600	11100	https://www.tiktok.com/@cutesstai/video/7609638263304785174	He Kicked First 🤪🤣 #FunnyCat #BabyOnTheWay #PregnancyLife #CatReaction
713680	talkingdog	stubborn_or_sassy	1800000	228200	958	50300	37900	https://www.tiktok.com/@rufusisagoodboy/video/7630165807296695582	Wiener Dog Core 🌭✨ #animalvoiceover #talkinganimals #dachshundsoftiktok #parodysong #talkingdog
688940	talkingdog	stubborn_or_sassy	1700000	256600	744	55200	19400	https://www.tiktok.com/@rufusisagoodboy/video/7622065141210778910	Huskies are such drama queens! 👸🏼🙄 #talkingdog #animalvoiceover #huskysoftiktok #funnypet #husky
688496	dogjealous	unclear	10200000	701800	2022	8672	11000	https://www.tiktok.com/@nataliaalyssandra/video/7630958878615719169	
679290	catfails	unclear	2000000	146100	544	58800	22600	https://www.tiktok.com/@rankpulls/video/7632324552160333077	Ranking Funniest Cat Fails😂💥 #fyp #viral #funny #cat
677110	catjealous	unclear	2400000	447700	686	41600	16400	https://www.tiktok.com/@maiami.beachh/video/7636118769147890951	based on irl experience #ilovemybfsm #ilovehim #boyfriend
660860	catescape	care_or_cleaning	1000000	289900	1111	47800	25600	https://www.tiktok.com/@ilovepigs40/video/7635532554040298765	He was drugged because he would scratch and bite while getting his haircut.
593460	dogfails	unclear	2500000	432800	2906	22200	30100	https://www.tiktok.com/@shayla9007/video/7636120622623395090	moving tf on #youaintshit
582390	dogreaction	surprise_or_reaction	4100000	289500	244	36500	15300	https://www.tiktok.com/@humanvibesnow/video/7615944460454857997	My Dog vs Kids… It’s Not Going Well 😭#DogVsKids #FunnyDog #DogReaction #DogLife#DogMoments
574260	catfails	unclear	2200000	295400	616	34600	24900	https://www.tiktok.com/@funny.pets.76/video/7633743126439415070	My cat just bumped its head hard😲😱#ClumsyCats #CatFails #SillyCats #Zero Brain Cells#fyp #foryou #viral
556180	guiltydog	unclear	4700000	378700	2243	24800	13000	https://www.tiktok.com/@imbluethesiberiann/video/7626534000013626655	I really don’t know who’s guilty here… #dogsoftiktok #dogsoftiktokviral #husky #goldenretriever #dogs
549260	talkingdog	stubborn_or_sassy	2800000	203500	1151	29100	36800	https://www.tiktok.com/@rufusisagoodboy/video/7619459542019050783	Ranking my top 5 funniest dog voiceovers! 🐶📈 Did your favorite the list? #talkingdog #talkinganimals #animalvoiceover #rankingstuff #funnypet
540442	stubborndog	stubborn_or_sassy,food_or_eating	1300000	220100	1250	45300	7373	https://www.tiktok.com/@brittney_mcd_9/video/7635397234632215821	Tell me you have a bulldog without telling me. Disclaimer: hes 122 lbs of muscle, there is no pushing through him, yes he is really this stubborn, no giving a treat knocking or saying walk will not make him move, yes he knows hes fat he doesnt care, and yes ev
527010	catreaction	surprise_or_reaction	1500000	324500	276	31600	19800	https://www.tiktok.com/@whiskersworld2/video/7624090767711030541	My Cat HATES When I Kiss Him 😂🐱#Cat #CatReaction #FYP #ForYou #PetLife
524460	dogbuttons	stubborn_or_sassy	3300000	302300	731	31800	11400	https://www.tiktok.com/@alythebichon/video/7616152142184828174	Should we just go ahead and send this video to my boss? 😅 Aly hit “tomorrow” → “work” → “NO.” Apparently my schedule has been reviewed and management (Aly) does not approve. When I told her mama still has to go to work… she doubled down. Should we send him th
514712	catjealous	unclear	1100000	178400	492	45500	8648	https://www.tiktok.com/@meowplayland0/video/7608471617903103245	Jealous cat#funny #fyp #cats
510680	catescape	unclear	1200000	328500	1883	30700	14500	https://www.tiktok.com/@leema.w/video/7636553993862352142	So she hides the hole with her body!!!!!😅 #Milli #cat #catsoftiktok #animals #escape
508740	funnydogreaction	unclear	3400000	125800	2664	38200	11400	https://www.tiktok.com/@fart_ab/video/7614575066881215766	which dog farts is more funny #dog #fart #forupage #fyp #viral
507888	petreaction	unclear	2300000	183500	1395	40900	7247	https://www.tiktok.com/@qdjoinejtgtm/video/7636224771801287967	You can’t open a packet of anything when you have a dog.#dog #funny #dogsoftiktok #pet #doglover
505122	funnydogreaction	surprise_or_reaction,care_or_cleaning	1400000	347800	1955	23500	23918	https://www.tiktok.com/@lcrzjrlb/video/7629517781024771342	Dogs HATE Bath Time 😹🛁🐶 #dogshatebaths #funnydog #petreactions #doglife #petcomedy
470400	dogjealous	unclear	980000	174600	750	38600	11800	https://www.tiktok.com/@fabriciocoronaa/video/7636207250771561736	#mama #libertad #envidia
457910	dogjealous	unclear	5100000	351600	3467	7580	21200	https://www.tiktok.com/@thybui.__/video/7616696956697562389	guess the character? 💜
449630	dogbuttons	unclear	2200000	336100	364	24300	9885	https://www.tiktok.com/@ameliewyg/video/7618219833213127968	👀
445770	catjealous	unclear	1900000	374200	227	13600	27400	https://www.tiktok.com/@chaoticcatnip_/video/7607030354616126750	🐱:Mom, I’m the one who loves you the most!😂😂 #cat #catsoftiktok #catlover #funny #funnyvideos #foryou #fypage #fypツ #funnycat #funnytiktok #cats
442490	unexpectedpet	cute,surprise_or_reaction	4600000	183900	418	27500	8590	https://www.tiktok.com/@ocapyia/video/7630655840038522120	Best unexpected friendship 😆#dog #dogs #puppy #pets #animals
442160	guiltydog	stubborn_or_sassy	4200000	312300	3081	14700	13400	https://www.tiktok.com/@suavexavier/video/7606147806528605471	THAT SIDE EYE 👀😭
440280	catreaction	food_or_eating,surprise_or_reaction	716500	93800	541	43700	6010	https://www.tiktok.com/@xiiaoguaishou__/video/7631076647306808594	Kucing ni pandai sangat tunjuk muka meluat 😂 Bau durian ke bau apa ni sampai tak nak pandang langsung? Siapa kucing dia pun tak suka durian angkat tangan! 🙋‍♂️ #Durian #CatReaction #FunnyCat #MalaysiaFood #CatLovers
431050	guiltydog	stubborn_or_sassy	1300000	159600	445	30400	19400	https://www.tiktok.com/@rufusisagoodboy/video/7612042241913228575	Replying to @BrainBomb - Animations nAuGhty DaWgS 😈 💅 #talkingdog #animalvoiceover #guiltydog #germanshepherd #goldenretrieverlife
425968	funnydogreaction	unclear	1300000	69000	2562	38900	7162	https://www.tiktok.com/@funny_dogs227/video/7614243422974545166	Fake Dog Cutting Cake… Real Dog Got Scared! 😂……#funnydogs #fyp #cakeprank #funnyvideos #dogsofttiktok
410488	dogsteals	unclear	715100	196200	1377	31800	7479	https://www.tiktok.com/@coral.andersonn/video/7638731264610110727	#dog
407180	dogescape	cute	2100000	300800	4238	15600	11900	https://www.tiktok.com/@presleyivers/video/7631707016184089887	I don’t even know what to do with him when I’m at work now 🤦‍♀️#puppy #escapeartist #escape #fypシ
404080	dogjealous	unclear	1900000	250400	1328	22900	11100	https://www.tiktok.com/@esowards/video/7634710986347253022	This is what happens when your dog likes your girlfriend more than he likes you #staffysoftiktok #funnydog #jealousdog
398398	dogtantrum	cute,stubborn_or_sassy	1300000	81000	799	37300	6377	https://www.tiktok.com/@funngdaog8/video/7606292224715869453	Dogs throwing tantrums like tiny drama queens🐶😂 #dogtantrum #funnydogs #dogsoftiktok #petcomedy #fyp
384834	funnydogreaction	surprise_or_reaction	5600000	124100	1066	20500	9031	https://www.tiktok.com/@funnyanimalshub/video/7617147306302868754	Dogs reaction to being frightened 😂 | Part 151 #funny #dogs #dogsoftiktok #fyp #lovedogs
380780	dogreaction	surprise_or_reaction	6000000	292200	904	6405	13600	https://www.tiktok.com/@petfunnyyime6789/video/7629169019400064270	Giving Random Dogs A Surprise Toy #dog #toy #viral #dogreaction #doglover
374812	dogsteals	unclear	2100000	139600	2346	6644	46600	https://www.tiktok.com/@a2cp/video/7614311660152491294	This is how you chain black flashes in JJS. | #jujutsushenanigans #jjs #roblox #fyp #viral
370186	dogsteals	unclear	6700000	222100	984	11800	5224	https://www.tiktok.com/@haileeandzach/video/7620983574665202957	All bets on the fish game 🤣
369374	dogreaction	surprise_or_reaction	5700000	260300	904	5773	17500	https://www.tiktok.com/@geqob1/video/7632150552050257166	Giving Random Dogs A Surprise Toy#dog #toy #viral #dogreaction #doglover
363920	dogreaction	cute,surprise_or_reaction	1700000	199900	1597	18800	15900	https://www.tiktok.com/@funnydogs_official/video/7607582807359065346	Telling my dog he is adopted and watching the reaction 😂🐶 #doglover #cutedog #funnydogs #dogsoftiktok #USA
356482	guiltycat	unclear	10500000	148300	1014	1674	12200	https://www.tiktok.com/@doubledatevideos/video/7631642713506761991	#dance #foryou #trending #viral #fyp
353058	dogescape	food_or_eating	856900	111600	1510	30000	6255	https://www.tiktok.com/@austinpatel1529/video/7620659365820796190	7 Stolen Dogs Escaped a Dog Meat Truck — Led by a Brave Corgi#news #strangerthings4 #fact #dog #facts
350030	dogfails	unclear	1700000	145100	1828	23100	10100	https://www.tiktok.com/@kimseinpie/video/7620309978003311880	Awkward Dogs Being… Well, Awkward 😂🐶 #awkwarddogs #dogfails #funnypets #petsoftiktok #dogtok
349608	catreaction	surprise_or_reaction	677900	139500	378	28700	8230	https://www.tiktok.com/@jacksondonaldvdod/video/7634107863446670605	This Cat’s Reaction Shocked Me🤣#cat #cats #catslovers #catsoftiktok #fyp
341328	talkingdog	stubborn_or_sassy	865400	162800	724	25300	8245	https://www.tiktok.com/@peachycomet22/video/7631812267541122318	Comet’s feelings are hurt #dogsoftiktok #goldenretriever #talkingdog
337222	dogfails	unclear	2700000	68000	361	27500	6403	https://www.tiktok.com/@earthuntamed052/video/7615171508331154701	When Your Dog’s Brakes Stop Working 😆🐶#FunnyDog #DogFails #AnimalShorts #DogLife#foryoupage
325148	dogbuttons	stubborn_or_sassy	1200000	163300	745	23100	6812	https://www.tiktok.com/@alythebichon/video/7620273098423569677	POV: your dog runs the whole house… including the vibe 🎶🐾 She asked for a shower (later ✔️), said “I love you” 🥹, reminded me she’s a good girl (obviously), THEN decided the TV wasn’t it… so she turned on her own calming music and went to relax in her tent 
302734	catreaction	surprise_or_reaction	1600000	88700	1668	23100	6226	https://www.tiktok.com/@sir_sniffs_alot/video/7625039166732127502	Catsters 😂. #catsters #catmeme #catreactions
296352	dogreaction	unclear	7700000	218500	145	923	6067	https://www.tiktok.com/@star_bundchen/video/7635028773590617364	Remembering these two iconic moments from the Victoria's Secret runway #vsfashionshow #doutzenkroes #karolinakurkova #runway #fypage
287780	dogrefuses	unclear	1500000	143600	616	17500	9955	https://www.tiktok.com/@breakawayclipz/video/7615817567319510293	Coach spoke too soon 😭 #basketball #sports #block#fyp#insane #fails
286728	dogfails	surprise_or_reaction	655700	56900	554	28200	3506	https://www.tiktok.com/@funny.cute35/video/7624228823080373526	Dogs caught in the most awkward positions — zero dignity, maximum comedy 🐶😂 #FunnyDogs #AwkwardMoments #PetLife #DogFails #Viral
285596	dogsideeye	unclear	431700	55000	2223	26500	3808	https://www.tiktok.com/@ikwcalizzaaaydan0/video/7625549721003724045	#foryou #funny
277164	catcaught	unclear	3400000	212400	1546	4038	13800	https://www.tiktok.com/@crime.archives8/video/7633835349940178189	Is there still a radiation field in Hiroshima/Nagasaki? #hiroshima #nagasaki #Nuclear #nuclearwar #japan
271472	dogrefuses	unclear	2000000	271700	283	4399	14400	https://www.tiktok.com/@5.0braylon/video/7623122522665504013	Thanks bro@Davis✝️ #mustang #carsoftiktok #fyp #corsaperformance #longtubeheaders
271134	guiltydog	cute	554800	69900	862	25100	3917	https://www.tiktok.com/@phu.tri2/video/7634858137027202317	Dog:"Busted" #dogsoftiktok #funnydog #dog #usa🇺🇸 #cutedog
267884	talkingdog	stubborn_or_sassy	742200	152400	1004	15500	10700	https://www.tiktok.com/@enzothebluestaffordshire/video/7617172895357209870	Drooling just thinking about it…. #fyp #fy #talkingdog #enzothebluestaffordshire #staffordshirebullterrier
267570	guiltydog	stubborn_or_sassy,surprise_or_reaction	789000	142600	449	16100	11800	https://www.tiktok.com/@syedshuey/video/7620374492052770078	The dog was caught doing something wrong 😂 #funnydog #guiltydog #dramaticmoments #fyp #dog
267218	guiltydog	surprise_or_reaction	2100000	179900	208	12700	7897	https://www.tiktok.com/@funnydogsofficial/video/7631290682900253954	Looking guilty before you even say anything 🐶😂 #FunnyDogs #GuiltyDog #DogComedy #PetHumor #CaughtRedPawed
257296	catsteals	food_or_eating	909500	92500	382	20500	6259	https://www.tiktok.com/@kurtisalesha/video/7611849086274112782	Cat steals food 🍱 #funnyvideos #cat #funnycat
256266	guiltycat	unclear	3000000	120800	421	11700	9514	https://www.tiktok.com/@dagobertoruiz90/video/7631658492750875924	😂
255668	talkingdog	stubborn_or_sassy	920600	146000	444	17000	5954	https://www.tiktok.com/@daniela.gjz/video/7617259836744502536	Inténtenlo con sus perrhijos, no se van a arrepentir 🥹🥹 #yorkie #yorkiesoftiktok #dogmom #talkingdog #botonesfluentpet
253302	funnydogreaction	surprise_or_reaction	2300000	119500	602	13700	7983	https://www.tiktok.com/@meetgrace/video/7636797373016067341	Kiss your dog and see their reaction🐶❤️#funnydog #dogvideos #doglove#foryou#dogsofttiktok
248470	funnydogreaction	unclear	1600000	375900	410	905	4295	https://www.tiktok.com/@evelynomadera/video/7638427135085989150	Happy Mother’s Day 💐 from @yurnboi #evelynortiz #wendyortiz @Mamá Alicia
245212	talkingdog	stubborn_or_sassy,surprise_or_reaction	2100000	186100	783	8812	7959	https://www.tiktok.com/@flambothedog/video/7631432762364300575	It doesn’t get easier… it just gets quieter. Today Flambo asked for Espeon “where?” and then came over to me and hit “and… why.” Maybe it was random… but often times you guys tell me it’s not. So maybe it isn’t. It’s been 9 months without her, and there isn’t 
233120	catsideeye	stubborn_or_sassy	853800	109300	159	18000	3951	https://www.tiktok.com/@gumballsandwichh/video/7624644151761571094	That side eye was crazy #foryou #catsofttiktok #catmeme #gumball
229266	dogfails	cute,surprise_or_reaction	2600000	84600	751	13200	5464	https://www.tiktok.com/@my.petsie/video/7619850578008657155	@My Petsie @My Petsie @My Petsie Dogs Acting Tough… Until They Get Scared 😂🐶 #M#MyPetsie These dogs were barking like they run the house… until the tables turned and they got scared instead! The sudden switch is too funny 🤣 Who else has a brave dog that tur
222776	dogreaction	unclear	1500000	51700	1719	16000	5434	https://www.tiktok.com/@fart_ab/video/7620930747330743574	which one is more funny😂 #fyp #viral #grow #forupage #fart
218266	funnydogreaction	surprise_or_reaction	1200000	48600	1505	17100	4529	https://www.tiktok.com/@fart_clip/video/7607685657477057814	Dog's reaction after farting🤣🤣#fart #dog #funnytiktok #DogFartReactions
218184	talkingdog	stubborn_or_sassy	732800	167200	1060	8366	10600	https://www.tiktok.com/@nhamomusic/video/7633543537799253261	Im tired of this grampawww! 🫩😭😂😂😂 #fyp #petsoftiktok #viral #talkingdog #dogsoftiktok
217990	funnydogreaction	surprise_or_reaction	1100000	80300	2354	13700	5675	https://www.tiktok.com/@laffzoneofficial/video/7630859527532907798	Funny Dog reactions to fart😂😂 Follow for more funny clips #dog #laugh #funny #fyp #viral
216574	petreaction	cute	1100000	87600	2631	13400	4316	https://www.tiktok.com/@love.animals473/video/7633782193185180941	The dog senses the overflowing love from its owner 😭 #dogsofttiktok #usa🇺🇸 #cute #sweet
214346	guiltydog	unclear	542000	101600	415	14900	7339	https://www.tiktok.com/@brii21999/video/7633191577686396190	Went over to the in-laws and seen the trash knocked over. I’m thinking…guilty 😂😂😂 #lab #blacklab #pov #guiltydog #smilingdog
213730	catsteals	unclear	2000000	216500	734	4287	5961	https://www.tiktok.com/@dreaoffline/video/7624755954462018829	ts so embarrassing😭 #fyp #thirsttrap
213552	catfails	unclear	1100000	57500	613	17000	5168	https://www.tiktok.com/@kittybarks0/video/7624936780411702550	Watch When the Camera Catches the Funniest Cat Moments 😂🐱 #catfails #funnycats #catsoftiktok #petfunny #viralvideos
210052	catescape	unclear	3300000	230700	367	857	4544	https://www.tiktok.com/@nectarcrush/video/7617202705370516750	would this be a dealbreaker for u?!😭👧 #dating #kid #dealbreaker #love #elimination
208300	catfails	cute	958100	58800	591	16600	5257	https://www.tiktok.com/@blai25ai/video/7624116810652224788	This cat gets more tips than I do 😂#OrangeCat #CatWaiter #RestaurantHumor #CatBoss #ServiceIndustry #FunnyCats #Catsoftiktok #MiloTheCat #ManagerCalled #CatRevenge #ViralCats #FunnyCat #catslippers #CuteCatMoments #CatComedy #POV #OrangeCatLove #ViralCat #Cat
203476	catreaction	surprise_or_reaction	519400	24200	214	20800	3112	https://www.tiktok.com/@the.king932/video/7635355990082325780	#wife #cat #catsoftiktok #cats #catreaction
198318	catfails	unclear	775100	42900	401	16500	6339	https://www.tiktok.com/@musicalmemes_x/video/7618427174541970701	NINE LIVES When your ambition is sky-high but gravity has other plans #MusicalMemes #CatFails #EpicJumpFail #MusicalMeme #FunnyCatVideo
193332	talkingdog	stubborn_or_sassy	730500	112800	1985	9521	6576	https://www.tiktok.com/@nhamomusic/video/7636886499467824398	#fyp #viral #petsoftiktok #talkingdog #dogsoftiktok
192786	petreaction	unclear	355200	12900	84	21600	1398	https://www.tiktok.com/@n8q5f7zo02/video/7627424425029258526	This dog feels very confused #dogs #dogtiktok #funnytiktok #funnydogs #foryou
184092	catsideeye	food_or_eating	1300000	121000	400	6835	9728	https://www.tiktok.com/@natelovlogs/video/7619460784615132429	Trying Burger King in the Philippines! #fyp #fastfood #burgerking #review #mukbang
181648	unexpectedpet	surprise_or_reaction	427900	63300	354	13200	8075	https://www.tiktok.com/@happy.place.48/video/7631889221690739998	When cats do things you can't explain🤔#cat#UnexpectedCat #CatBehavior #FunnyCats#fyp
181576	petreaction	surprise_or_reaction	1800000	76700	219	11300	3659	https://www.tiktok.com/@lambyeeh_o4j/video/7608755750353112333	That Dog’s Face Says EVERYTHING 😂🐶#dogfunny #dogvideo #funnyvideos #petreaction #animalcomedy
181476	talkingdog	stubborn_or_sassy	3200000	112800	390	2762	8770	https://www.tiktok.com/@sapphie_the_pomsky/video/7621071122330668301	Our dog just exposed who starts the fights 😂😂😂 #dogs #funnydog #dogsoftiktok #talkingdog #fyp
180290	petreaction	surprise_or_reaction	628600	99600	165	11600	5867	https://www.tiktok.com/@jacksondonaldvdod/video/7638931228426538254	This Cat’s Reaction Shocked Me🤣#cat #catslovers #cats #catsoftiktok #fyp
180112	dogcaught	unclear	801800	139100	211	8305	6494	https://www.tiktok.com/@lesedits44/video/7622315278923287821	and she's so real for that #theoffice #pambeesly #core #theofficeus #theofficeclips
178734	catcaught	unclear	520900	70500	381	6807	18700	https://www.tiktok.com/@vsp.boy/video/7607508894679584030	This song is so nostalgic 😌 || One of my BEST edits ngl 🔥 || IB: @kankagi7 || Song: BLOODPOP BROOKLYN 🎧 || #bluelock #bluelockedit #michaelkaiser #michaelkaiseredit #targetaudience
178138	dogjealous	cute	707900	136000	724	9149	3887	https://www.tiktok.com/@johnzelsmithhh/video/7638102093714214175	She felt the betrayal 🗡️😪 #newbornbaby #dogparents #jealousdog
174496	catreaction	unclear	3300000	37800	1578	7668	3118	https://www.tiktok.com/@forshy89/video/7619348850435804438	#labrador #jackrussel #jackrussellsoftiktok #fy #walk @gerry
173972	catfails	unclear	969300	77800	1041	10100	6119	https://www.tiktok.com/@mesha.mondo/video/7620624696169581837	She a about to go to jail for this time‼️ #trending #viral #fyp #couple
173188	guiltydog	unclear	457000	91200	2448	10700	2092	https://www.tiktok.com/@jasolis4/video/7625848484763127054	She knows she’s not allowed to be on the couch. She thinks she’s slick lol 😂. Yes she has her own bed! #guiltydog #dog #fyp #pets
173120	talkingdog	stubborn_or_sassy	681000	77300	221	9730	10200	https://www.tiktok.com/@rufusisagoodboy/video/7637668347714276639	Replying to @danella^-^ Pitbull CORE 🥑🐂 #animalvoiceover #talkinganimals #pitbullsoftiktok #dogsoftiktok #talkingdog
168616	catfails	cute	868500	63200	611	11900	4584	https://www.tiktok.com/@catsoftiktok2.1/video/7626752359439338766	funnycats🤣🤣🤣#funnycat #cutecat #catsoftiktok #viral_video
165874	dogescape	unclear	576800	102500	180	4761	15800	https://www.tiktok.com/@thecoremotives/video/7624601146727894294	Vaya Con Dios. #pointbreak
165656	catfails	unclear	1900000	51700	377	9456	5597	https://www.tiktok.com/@cute.pets737/video/7638016839481609494	cat fails😂 #catsoftiktok #fypppppppppppppp #funnycat #meow #catmeme
160930	dogrefuses	unclear	2700000	137000	549	1225	5785	https://www.tiktok.com/@loxness6789/video/7631621357557665037	#story #storytime #unbelievablestories #dogstory #dogtrainingtips
156470	guiltydog	unclear	2300000	61000	205	8069	3342	https://www.tiktok.com/@ibaiskits/video/7613836730994527499	Tung tung goes to blue school #italianbrainrot #tungtungtungsahur #tralalerotralala
156004	guiltydog	unclear	710200	64900	701	10700	4185	https://www.tiktok.com/@funnydog375/video/7609653238891040013	Dog：“Busted.”#dog #funnyvideos #dogs #foryoupage #tiktokdogs
149056	catfails	unclear	706400	50500	155	9738	7556	https://www.tiktok.com/@zoncavibes/video/7632113388197383446	Funniest Cat Moments That Will Make You Cry Laughing 😂🐱 part4 #catfails #funnycats #cats #catsoftiktok #funnyanimals #pets #catvideos #fail #lol #viral #fyp #foryou #foryoupage #trending #animals
148692	talkingdog	stubborn_or_sassy	467800	112000	1044	5916	6392	https://www.tiktok.com/@nhamomusic/video/7622872804622355725	Like let me get the boogers bro 🙄🫩💀💀💀 #fyp #viral #talkingdog #trending #dogsoftiktok
148004	guiltydog	surprise_or_reaction,care_or_cleaning	320400	24800	230	14900	1924	https://www.tiktok.com/@secretbuild01/video/7612686749583543574	My French Bulldog Ate My $40 Face Cream And Looked Me Dead In The Eyes While He Did It 😭🧴🐾💀 I walked into my bathroom and he was on the counter 😂💀 Standing up. On the counter. With his entire flat face inside my moisturizer jar 😭🔥 And then — THEN — I l
148000	catreaction	stubborn_or_sassy,food_or_eating	1800000	34500	699	9724	2492	https://www.tiktok.com/@mothershipsg/video/7637012538881740052	Former actor Huang Yiliang was filmed in a heated argument with a neighbouring hawker stall owner in a video posted to Reddit on May 6. This comes just two months after he started his new hawker stall, Old Fisherman, at Circuit Road Hawker Centre. Comments on 
147914	guiltycat	unclear	837700	68500	991	8043	5664	https://www.tiktok.com/@sheloveeeeeeeeeeee/video/7627138702480887070	Real dancer here
141724	dogreaction	surprise_or_reaction	717700	145100	146	4514	4312	https://www.tiktok.com/@dallas_dog_walker/video/7630890246573542670	Everyone meet Maui!!! A LABRADOR RETRIEVER !!! a little velcro girl!!! #dogwalker #dogs #labradorretriever #dogreaction #dallas
139042	dogtantrum	unclear	2800000	128900	186	901	2381	https://www.tiktok.com/@helenanoachh/video/7616655585173343490	#virał #fypシ゚ #balibelly
138352	dogrefuses	unclear	1800000	164200	336	660	2903	https://www.tiktok.com/@reecey.fit/video/7634204845431442709	yearning. #gymgirl #gymtok #girlswholift #harecovery #relatable
137330	catjealous	unclear	1200000	66700	434	7688	3534	https://www.tiktok.com/@funny.short.100/video/7612645497395842326	Jealous cats 🐈#jealouscats#funnycats #foryouxats #comdycats #ukaudience
137002	dogrefuses	stubborn_or_sassy,care_or_cleaning	804700	57600	2184	7743	2081	https://www.tiktok.com/@ewaluxe/video/7627317354174647559	When your dog refuses to go home 😂 #DogTok #PetHumor #DogLife #RelatablePets #FurryFriend